{"RuleTriggered": 0, "Violations": 98, "Details": {"low_gpu_utilization": 3487, "bottlenecks": {"1661732452.001044": {"GPUs": 1, "CPUs": 1}, "1661732456.00104": {"GPUs": 1, "CPUs": 1}, "1661732456.501034": {"GPUs": 1, "CPUs": 1}, "1661732457.001059": {"GPUs": 1, "CPUs": 1}, "1661732457.501033": {"GPUs": 1, "CPUs": 1}, "1661732458.001042": {"GPUs": 1, "CPUs": 1}, "1661732458.501046": {"GPUs": 1, "CPUs": 2}, "1661732459.001056": {"GPUs": 1, "CPUs": 1}, "1661732460.001047": {"GPUs": 1, "CPUs": 1}, "1661732470.501031": {"GPUs": 1, "CPUs": 1}, "1661732471.001045": {"GPUs": 1, "CPUs": 1}, "1661732471.501039": {"GPUs": 1, "CPUs": 2}, "1661732472.001046": {"GPUs": 1, "CPUs": 1}, "1661732472.501052": {"GPUs": 1, "CPUs": 1}, "1661732484.001034": {"GPUs": 1, "CPUs": 1}, "1661732487.501058": {"GPUs": 1, "CPUs": 2}, "1661732504.001762": {"GPUs": 1, "CPUs": 1}, "1661732504.50102": {"GPUs": 1, "CPUs": 1}, "1661732511.00099": {"GPUs": 1, "CPUs": 1}, "1661732511.501048": {"GPUs": 1, "CPUs": 1}, "1661732512.001026": {"GPUs": 1, "CPUs": 1}, "1661732512.501045": {"GPUs": 1, "CPUs": 1}, "1661732513.001043": {"GPUs": 1, "CPUs": 1}, "1661732513.501044": {"GPUs": 1, "CPUs": 1}, "1661732514.00105": {"GPUs": 1, "CPUs": 1}, "1661732515.501813": {"GPUs": 1, "CPUs": 1}, "1661732516.001031": {"GPUs": 1, "CPUs": 1}, "1661732527.501024": {"GPUs": 1, "CPUs": 2}, "1661732528.001054": {"GPUs": 1, "CPUs": 2}, "1661732529.506035": {"GPUs": 1, "CPUs": 2}, "1661732530.501046": {"GPUs": 1, "CPUs": 1}, "1661732531.501402": {"GPUs": 1, "CPUs": 1}, "1661732551.001049": {"GPUs": 1, "CPUs": 2}, "1661732551.501972": {"GPUs": 1, "CPUs": 2}, "1661732552.00106": {"GPUs": 1, "CPUs": 2}, "1661732552.501052": {"GPUs": 1, "CPUs": 2}, "1661732553.001025": {"GPUs": 1, "CPUs": 2}, "1661732553.501052": {"GPUs": 1, "CPUs": 2}, "1661732554.001296": {"GPUs": 1, "CPUs": 2}, "1661732554.501062": {"GPUs": 1, "CPUs": 1}, "1661732555.001037": {"GPUs": 1, "CPUs": 1}, "1661732556.001042": {"GPUs": 1, "CPUs": 2}, "1661732556.50109": {"GPUs": 1, "CPUs": 1}, "1661732557.003557": {"GPUs": 1, "CPUs": 1}, "1661732602.501592": {"GPUs": 1, "CPUs": 2}, "1661732609.001037": {"GPUs": 1, "CPUs": 1}, "1661732611.501068": {"GPUs": 1, "CPUs": 1}, "1661732612.001056": {"GPUs": 1, "CPUs": 1}, "1661732613.501056": {"GPUs": 1, "CPUs": 1}, "1661732621.001247": {"GPUs": 1, "CPUs": 1}, "1661732621.509645": {"GPUs": 1, "CPUs": 1}, "1661732624.501621": {"GPUs": 1, "CPUs": 1}, "1661732625.501717": {"GPUs": 1, "CPUs": 1}, "1661732627.001054": {"GPUs": 1, "CPUs": 1}, "1661732630.501087": {"GPUs": 1, "CPUs": 2}, "1661732634.001035": {"GPUs": 1, "CPUs": 1}, "1661732634.501765": {"GPUs": 1, "CPUs": 1}, "1661732635.001048": {"GPUs": 1, "CPUs": 1}, "1661732635.501047": {"GPUs": 1, "CPUs": 1}, "1661732636.001048": {"GPUs": 1, "CPUs": 1}, "1661732638.501143": {"GPUs": 1, "CPUs": 1}, "1661732639.501035": {"GPUs": 1, "CPUs": 1}, "1661732640.001038": {"GPUs": 1, "CPUs": 1}, "1661732640.50104": {"GPUs": 1, "CPUs": 1}, "1661732648.001081": {"GPUs": 1, "CPUs": 1}, "1661732651.001047": {"GPUs": 1, "CPUs": 1}, "1661732654.501116": {"GPUs": 1, "CPUs": 1}, "1661732655.00106": {"GPUs": 1, "CPUs": 1}, "1661732656.501048": {"GPUs": 1, "CPUs": 1}, "1661732657.001033": {"GPUs": 1, "CPUs": 1}, "1661732659.001039": {"GPUs": 1, "CPUs": 1}, "1661732659.501054": {"GPUs": 1, "CPUs": 1}, "1661732662.001056": {"GPUs": 1, "CPUs": 1}, "1661732662.501028": {"GPUs": 1, "CPUs": 1}, "1661732842.001208": {"GPUs": 1, "CPUs": 1}, "1661732846.001057": {"GPUs": 1, "CPUs": 1}, "1661732847.501019": {"GPUs": 1, "CPUs": 1}, "1661732851.50105": {"GPUs": 1, "CPUs": 1}, "1661732856.501052": {"GPUs": 1, "CPUs": 1}, "1661732857.001065": {"GPUs": 1, "CPUs": 1}, "1661732858.001019": {"GPUs": 1, "CPUs": 1}, "1661732859.001667": {"GPUs": 1, "CPUs": 1}, "1661732859.502122": {"GPUs": 1, "CPUs": 1}, "1661732860.001056": {"GPUs": 1, "CPUs": 1}, "1661732868.501683": {"GPUs": 1, "CPUs": 1}, "1661732871.501066": {"GPUs": 1, "CPUs": 1}, "1661732873.001054": {"GPUs": 1, "CPUs": 1}, "1661732873.501048": {"GPUs": 1, "CPUs": 1}, "1661732877.501037": {"GPUs": 1, "CPUs": 1}, "1661732882.001044": {"GPUs": 1, "CPUs": 1}, "1661732882.50105": {"GPUs": 1, "CPUs": 2}, "1661732886.001056": {"GPUs": 1, "CPUs": 1}, "1661732892.001062": {"GPUs": 1, "CPUs": 1}, "1661732892.501043": {"GPUs": 1, "CPUs": 1}, "1661732893.001052": {"GPUs": 1, "CPUs": 1}, "1661732895.001431": {"GPUs": 1, "CPUs": 1}, "1661732895.501043": {"GPUs": 1, "CPUs": 1}, "1661732899.501034": {"GPUs": 1, "CPUs": 1}}}, "Datapoints": 4545, "RuleParameters": "threshold:50\nio_threshold:50\ngpu_threshold:10\npatience:1000"}