{"RuleTriggered": 0, "Violations": 0, "Details": {"step_num": {"first": 1661732586428747, "last": 1661734675450451}, "job_start": 1661732423.001031, "job_end": 1661734679.501477}, "Datapoints": 441, "RuleParameters": "threshold:20"}