{"RuleTriggered": 0, "Violations": 0, "Details": {"ratio": {"gpu_functions-dev:0": 54.12121289249181, "cpu_functions": 45.87878710750818}, "phase": {"Step:ModeKeys.TRAIN": 15.977653005487106, "others": 59.49455328774125, "Step:ModeKeys.EVAL": 24.52779370677165}, "phase_time": {}, "CPU": {"conv2d": 10.15846621937975, "convolution": 9.556641238711764, "_convolution": 9.233743905062127, "size": 2.4364622726172542, "contiguous": 3.499079714304825, "cudnn_convolution": 5.42102505149991, "batch_norm": 4.909839911190626, "to": 25.0215310763036, "copy_": 26.965353469104148, "torch::autograd::AccumulateGrad": 2.797857141826011}, "CPU_total": {"conv2d": 5277727, "convolution": 4965055, "_convolution": 4797297, "size": 1265839, "contiguous": 1817911, "cudnn_convolution": 2816438, "batch_norm": 2550857, "to": 12999680, "copy_": 14009573, "torch::autograd::AccumulateGrad": 1453598}, "GPU": {"conv2d": 12.27831633017473, "convolution": 12.274100019574236, "_convolution": 12.270519131593806, "cudnn_convolution": 12.238601612088102, "batch_norm": 3.0649875508643745, "_batch_norm_impl_index": 3.0618136550937605, "cudnn_batch_norm": 3.040180330043979, "to": 20.06792683895167, "copy_": 21.70355453161535}, "GPU_total": {"conv2d": 7632613, "convolution": 7629992, "_convolution": 7627766, "cudnn_convolution": 7607925, "batch_norm": 1905299, "_batch_norm_impl_index": 1903326, "cudnn_batch_norm": 1889878, "to": 12474896, "copy_": 13491657}, "general": {"Forward": 100.0}}, "Datapoints": 0, "RuleParameters": ""}