{"RuleTriggered": 0, "Violations": 0, "Details": {"step_details": {"algo-1-27": {"step_stats": {"mean": 0.5513215657894737, "max": 72.150599, "p99": 5.49500266, "p95": 0.028971, "p50": 0.022889, "min": 0.015243}, "number_of_outliers": 2, "phase": "Step:ModeKeys.TRAIN", "stddev": 5.28, "probs": [367, 0, 0, 0, 0, 0, 0, 0, 0, 0, 0, 0, 0, 0, 0, 0, 0, 0, 0, 0, 0, 0, 0, 0, 0, 0, 0, 0, 0, 0, 0, 0, 0, 0, 0, 0, 0, 0, 0, 0, 0, 0, 0, 1, 0, 0, 0, 0, 0, 0, 0, 0, 0, 0, 0, 0, 0, 0, 0, 0, 0, 0, 0, 0, 0, 0, 0, 0, 0, 0, 0, 0, 0, 0, 0, 0, 0, 0, 0, 0, 0, 0, 0, 0, 0, 0, 0, 0, 0, 0, 0, 0, 0, 0, 0, 2, 0, 2, 2, 4], "binedges": [0.015243, 0.07044097, 0.12563894, 0.18083691000000002, 0.23603488000000003, 0.29123285000000004, 0.34643082000000003, 0.40162879000000007, 0.45682676000000005, 0.51202473, 0.5672227000000001, 0.6224206700000001, 0.67761864, 0.7328166100000001, 0.7880145800000001, 0.8432125500000001, 0.8984105200000001, 0.9536084900000001, 1.00880646, 1.06400443, 1.1192024, 1.17440037, 1.2295983400000001, 1.28479631, 1.33999428, 1.39519225, 1.45039022, 1.50558819, 1.5607861600000001, 1.61598413, 1.6711821, 1.72638007, 1.78157804, 1.8367760100000001, 1.8919739800000002, 1.9471719500000002, 2.00236992, 2.05756789, 2.11276586, 2.16796383, 2.2231618, 2.2783597700000002, 2.3335577400000003, 2.3887557100000003, 2.4439536800000004, 2.49915165, 2.55434962, 2.60954759, 2.66474556, 2.71994353, 2.7751415, 2.83033947, 2.8855374400000002, 2.9407354100000003, 2.9959333800000003, 3.0511313500000004, 3.1063293200000004, 3.1615272900000004, 3.21672526, 3.27192323, 3.3271212, 3.38231917, 3.43751714, 3.4927151100000002, 3.5479130800000003, 3.6031110500000003, 3.6583090200000004, 3.7135069900000004, 3.7687049600000004, 3.8239029300000005, 3.8791009000000005, 3.93429887, 3.98949684, 4.04469481, 4.09989278, 4.15509075, 4.21028872, 4.26548669, 4.32068466, 4.37588263, 4.4310806000000005, 4.4862785700000005, 4.541476540000001, 4.596674510000001, 4.651872480000001, 4.707070450000001, 4.762268420000001, 4.817466390000001, 4.872664360000001, 4.927862330000001, 4.9830603, 5.03825827, 5.09345624, 5.14865421, 5.20385218, 5.25905015, 5.31424812, 5.36944609, 5.42464406, 5.47984203, 5.53504], "step_numbers": ["0", "0"]}}}, "Datapoints": 441, "RuleParameters": "threshold:3\nmode:None\nn_outliers:10\nstddev:3"}